First Name,Last Name,Company Name,Phone,Email,Address,City,State,Postal Code,Website,Tags
Moore,Sewer Services,Moore Sewer Services,+19378305524,,,,,,https://www.mooresewerservices.com/,"septic-campaign,human-led-ai,dfw"
Fred,A Cook Jr,Fred A. Cook Jr. Inc.,+19145599152,,3226 Albany Post Rd,Buchanan,NY,10511.0,https://www.fredcook.com/buchanan-septic-services/%3Futm_campaign%3Dgmb,"septic-campaign,human-led-ai,dfw"
Wilson,Services,Wilson Services,+19737563283,,201 Houses Corner Rd,Sparta,NJ,7871.0,https://wilsonservices.com/%3Futm_source%3Dgoogle%26utm_medium%3Dgmb%26utm_campaign%3Dlocal,"septic-campaign,human-led-ai,dfw"
Rr,Plumbing Roto Rooter,RR Plumbing Roto-Rooter,+12126871215,,450 7th Ave Ste B,New York,NY,10123.0,https://www.rotorooter.com/manhattan/%3Futm_source%3DGoogle%26utm_medium%3Dorganic%26utm_campaign%3Dgmb%26utm_content%3Dwebsite,"septic-campaign,human-led-ai,dfw"
Quality,Septic,Quality Septic,+19032687382,,836 Nob Hill Rd,Quinlan,TX,75474.0,https://qualityseptic.net/,"septic-campaign,human-led-ai,dfw"
Brandon,Septic,Brandon Septic,+18136434642,,,,,,https://www.brandonsepticservices.com/,"septic-campaign,human-led-ai,dfw"
On,My Way Septic Grease Trap Storm Drains Lift Station,On My Way Septic Grease Trap Storm Drains Lift Station,+17862524029,,2021 N 62nd Ave,Hollywood,FL,33024.0,https://www.onmywayseptic.com/,"septic-campaign,human-led-ai,dfw"
Navo,And Sons,Navo & Sons Inc,+15302732964,,815 Idaho Maryland Rd,Grass Valley,CA,95945.0,http://www.navo.com/,"septic-campaign,human-led-ai,dfw"
Usa,Plumbing And Septic,USA Plumbing and Septic LLC,+19287937797,,,,,,http://usaplumbingseptic.com/%3Futm_source%3DGBP%26utm_medium%3Dorganic%26utm_campaign%3Doffice,"septic-campaign,human-led-ai,dfw"
Rooter,Man Plumbing Of Reno,Rooter Man Plumbing of Reno,+17755256999,,2890 Vassar St Suite B12,Reno,NV,89502.0,https://rootermanrenocarson.com/,"septic-campaign,human-led-ai,dfw"
Royal,Flush Septic,"Royal Flush Septic, Inc.",+19729484500,,306 N Ash Dr STE D,Allen,TX,75002.0,http://royalflushseptics.com/,"septic-campaign,human-led-ai,dfw"
Bruce,Mackay Pump And Well Service,"Bruce MacKay Pump & Well Service, Inc.",+17758511600,,7465 Longley Ln,Reno,NV,89511.0,http://www.brucemackay.com/,"septic-campaign,human-led-ai,dfw"
24/7,Cesspool Septic Service Suffolk County Drastic Drainage Long Island,24/7 CESSPOOL SEPTIC SERVICE SUFFOLK COUNTY - Drastic Drainage Long Island,+16314224122,,,,,,https://www.drasticdrainage.com/,"septic-campaign,human-led-ai,dfw"
Don,E Miller Septic Service Inc And Donnys Pottys,Don E Miller Septic Service Inc & Donny's Potty's,+16097582700,,362 Meany Rd,North Hanover,NJ,8562.0,https://www.donemillerseptic.com/,"septic-campaign,human-led-ai,dfw"
Bonanza,Septic And Jetting Solutions,Bonanza Septic & Jetting Solutions,+17758833411,,30 Kit Kat Dr,Mound House,NV,89706.0,http://www.bonanzaseptic.com/,"septic-campaign,human-led-ai,dfw"
Marshalls,Septic Care,Marshalls Septic Care,+17754279603,,4250 Reno Hwy #8377,Fallon,NV,89406.0,http://mscseptic.com/,"septic-campaign,human-led-ai,dfw"
Ricks,Septic Tank And Pumping,Rick's Septic Tank & Pumping,+12707914099,,,,,,http://www.rickssepticservice.com/,"septic-campaign,human-led-ai,dfw"
Vlk,Septic Inspections,Vlk Septic Inspections,+16032361334,,67 Mt Moosilauke Hwy,Wentworth,NH,3282.0,http://www.nhsepticinspector.com/,"septic-campaign,human-led-ai,dfw"
Rod,Septic Services,ROD Septic Services,+12145249715,,887 Meadow Hill Dr,Lavon,TX,75166.0,https://rodseptic.com/,"septic-campaign,human-led-ai,dfw"
Anytime,Septic,Anytime Septic,+16786168997,,9172 Cartersville Hwy,Dallas,GA,30132.0,https://anytime-septic.com/cities-we-serve/dallas/,"septic-campaign,human-led-ai,dfw"
Las,Vegas Septic Service,Las Vegas Septic Service LLC,+17026009495,,,,,,https://lasvegassepticservice.com/service-areas/las-vegas-nv/%3Futm_source%3Dgoogle%26utm_medium%3Dgbp%26utm_campaign%3Dmaps,"septic-campaign,human-led-ai,dfw"
Nortex,Septic Service,Nortex Septic Service,+14693073787,,511 N Church St,Anna,TX,75409.0,https://www.nortexseptic.com/,"septic-campaign,human-led-ai,dfw"
Sigma,Solutions Septic Services,Sigma Solutions Septic Services LLC,+14692222106,,4840 Co Rd 597,Farmersville,TX,75442.0,https://www.sigmasolutionssepticservices.com/,"septic-campaign,human-led-ai,dfw"
M,And B Septic Service And Noahs Ark Port A Jon,M&B Septic Service & Noah's Ark Port-A-Jon,+19738385840,,3 Van Cleef Rd,West Milford,NJ,7480.0,http://www.mbsepticservices.com/,"septic-campaign,human-led-ai,dfw"
Green,Valley Septic Services,Green Valley Septic Services,+17754308877,,3349 Pontius Pl,Carson City,NV,89706.0,https://greenvalleyseptic.com/,"septic-campaign,human-led-ai,dfw"
Las,Vegas Septic Service,Las Vegas Septic Service LLC,+17026000941,,,,,,https://lasvegassepticservice.com/,"septic-campaign,human-led-ai,dfw"
Twisted,B Septic Services,Twisted B Septic Services,+19035029640,,,,,,https://bseptic.net/,"septic-campaign,human-led-ai,dfw"
Advanced,Drain Jetting,Advanced Drain Jetting,+17027066111,,,,,,http://www.advanceddrainjetting.com/,"septic-campaign,human-led-ai,dfw"
Rick,Lucas Plumbing And Remodeling Plumber In Bucks County Pa,Rick Lucas Plumbing & Remodeling - Plumber in Bucks County PA,+12153960736,,1317 Buck Rd,Feasterville-Trevose,PA,19053.0,https://ricklucasplumbing.com/,"septic-campaign,human-led-ai,dfw"
Year,Round Septic,Year Round Septic,+14695129149,,,,,,https://www.yearroundseptic.com/,"septic-campaign,human-led-ai,dfw"
Septic,Services,Septic Services LLC,+17742139631,,,,,,https://www.septicservicesofma.com/,"septic-campaign,human-led-ai,dfw"
Homefield,Collin County,HomeField Collin County,+12142561590,,,,,,http://www.homefieldonsite.com/collin-county,"septic-campaign,human-led-ai,dfw"
Heartland,Grease And Septic,Heartland Grease & Septic,+14697951213,,,,,,https://www.heartlandgreaseseptic.com/,"septic-campaign,human-led-ai,dfw"
Bright,Star Excavating And Septic,Bright Star Excavating & Septic,+12148433536,,,,,,http://brightstarexcavating.com/,"septic-campaign,human-led-ai,dfw"
A,And W Septic Service,A&W Septic Service,+19086894114,,691 NJ-57,Stewartsville,NJ,8886.0,http://awsepticservice.wixsite.com/website,"septic-campaign,human-led-ai,dfw"
Abs,Septic,ABS Septic,+15709556698,,,,,,https://abssepticpa.com/,"septic-campaign,human-led-ai,dfw"
Macs,Septic Services,Mac's Septic Services,+15743205595,,,,,,http://macs-septic.com/,"septic-campaign,human-led-ai,dfw"
Cooley,And Company Construction,"Cooley & Company Construction, LLC",+18593241768,,,,,,https://www.cooleycompanyconstruction.com/,"septic-campaign,human-led-ai,dfw"
Total,Septic,Total Septic,+14692594583,,3300 Maroon Creek Rd,Aubrey,TX,76227.0,https://totalseptic.net/,"septic-campaign,human-led-ai,dfw"
Absolute,Septic And Excavation,Absolute Septic and Excavation LLC,+12039812592,,,,,,http://absolutesepticct.com/,"septic-campaign,human-led-ai,dfw"
Septic,Pumping Services,Septic Pumping Services,+17322564002,,195 Lemon Rd,Farmingdale,NJ,7727.0,http://www.septicpumpingservicesnj.com/,"septic-campaign,human-led-ai,dfw"
Richard,R Schmick,Richard R. Schmick Inc.,+16107970630,,,,,,http://schmickseptic.com/,"septic-campaign,human-led-ai,dfw"
Tri,County Septic,Tri County Septic LLC,+19086899088,,,,,,http://www.tricountysepticnj.com/,"septic-campaign,human-led-ai,dfw"
River,Valley Septic,River Valley Septic,+16107492001,,504 Easton Rd,Riegelsville,PA,18077.0,http://www.rivervalleyseptic.com/,"septic-campaign,human-led-ai,dfw"
Sierra,Septic Services,Sierra Septic Services,+17753563939,,1960 Hymer Ave,Sparks,NV,89431.0,https://sierrasepticservice.com/,"septic-campaign,human-led-ai,dfw"
Stiger,Pre Cast,Stiger Pre Cast Inc,+17404822313,,17793 OH-231,Nevada,OH,44849.0,https://www.stigerprecast.com/,"septic-campaign,human-led-ai,dfw"
Ivey,Septic Service,Ivey Septic Service,+18644266996,,,,,,https://www.iveysepticsc.com/,"septic-campaign,human-led-ai,dfw"
Septic,Operating Systems Llc S O S,"Septic Operating Systems, LLC. (S.O.S.)",+15177777671,,,,,,https://www.septicopatingsystems.com/,"septic-campaign,human-led-ai,dfw"
Lucas,,Lucas Ltd,+12159683901,,250 S Lincoln Ave,Newtown,PA,18940.0,http://www.lucasltd.com/,"septic-campaign,human-led-ai,dfw"
A,1 Affordable Septic Cleaning,"A-1 Affordable Septic Cleaning, LLC",+19035130811,,,,,,https://www.aoneaffordablesepticcleaning.com/,"septic-campaign,human-led-ai,dfw"
Shamrock,Septic Pumping,Shamrock Septic Pumping,+17758830288,,26 Affonso Dr,Carson City,NV,89706.0,http://shamrocknv.com/,"septic-campaign,human-led-ai,dfw"
Excalibur,Septic,Excalibur Septic,+19722688188,,,,,,https://www.excaliburseptic.com/,"septic-campaign,human-led-ai,dfw"
Zuechs,Environmental Services,"Zuech's Environmental Services, Inc.",+17166763388,,8312 NY-98,Franklinville,NY,14737.0,http://www.zuechs.com/,"septic-campaign,human-led-ai,dfw"
Accurate,Land Services,Accurate Land Services LLC,+17174357317,,,,,,http://www.acculandserv.com/,"septic-campaign,human-led-ai,dfw"
Boyce,,Boyce Inc,+17023787732,,3065 N Doty St,Logandale,NV,89021.0,http://boyce-inc.com/,"septic-campaign,human-led-ai,dfw"
Nevada,Plumbing Septic And Sewer,"Nevada Plumbing, Septic & Sewer LLC",+14174489712,,703 E Maple St,Nevada,MO,64772.0,http://nevadamoplumbing.com/,"septic-campaign,human-led-ai,dfw"
A,1 Septic Service,A-1 Septic Service,+19727362186,,2024 Co Rd 906,Princeton,TX,75407.0,https://www.facebook.com/pages/A-1-Septic-Service/112574975505235,"septic-campaign,human-led-ai,dfw"
All,Around Septic And Dirt Work,All Around Septic and Dirt Work,+19722861444,,537 Country View Ln,Garland,TX,75043.0,http://www.allaroundsepticanddirtwork.com/,"septic-campaign,human-led-ai,dfw"
United,Septic And Maintenance,United Septic & Maintenance,+12143413355,,,,,,http://united-septic.com/,"septic-campaign,human-led-ai,dfw"
Nv,Reno Septic Service Pros,NV Reno Septic Service Pros,+17759937867,,,,,,https://renosepticservice.com/,"septic-campaign,human-led-ai,dfw"
Hart,And Sons Septic,Hart and Sons Septic,+17759016020,,,,,,https://www.hartandsonsseptic.com/,"septic-campaign,human-led-ai,dfw"
Bonanza,Septic Services,Bonanza Septic Services,+17758833411,,20 Martin Dr STE A,Mound House,NV,89706.0,http://www.bonanzaseptic.com/,"septic-campaign,human-led-ai,dfw"
Scotts,Outdoor Services,Scott's Outdoor Services LLC,+19375339501,,15506 Dechant Rd,Farmersville,OH,45325.0,http://scottsoutdoorservicesllc.com/%3Futm_source%3Dgmb%26utm_medium%3Dreferral,"septic-campaign,human-led-ai,dfw"
Weaver,Septic Services,Weaver Septic Services LLC,+17177332339,,,,,,https://www.strohlseptic.com/,"septic-campaign,human-led-ai,dfw"
Bobulas,Septic Services,Bobula's Septic Services,+17752652520,,860 U.S. Hwy 395 N,Gardnerville,NV,89410.0,http://www.bobulasepticservice.com/,"septic-campaign,human-led-ai,dfw"
Rueben,Excavation,Rueben Excavation LLC,+19452271077,,4287 E University Dr Bldg 6,Princeton,TX,75407.0,https://www.ruebengroup.com/,"septic-campaign,human-led-ai,dfw"
Atlantic,Septic And Sewer,Atlantic Septic & Sewer,+17329286688,,,,,,http://www.atlanticsepticsewer.com/,"septic-campaign,human-led-ai,dfw"
Help,Cesspool And Sewer,Help Cesspool & Sewer,+15168464961,,,,,,https://www.helpcesspool.com/,"septic-campaign,human-led-ai,dfw"
Hardin,And Sons,Hardin & Sons Inc,+17023993878,,201 W Cheyenne Ave,North Las Vegas,NV,89030.0,http://www.hardinsons.com/,"septic-campaign,human-led-ai,dfw"
Desert,Excavation,Desert Excavation,+17024009414,,6850 N Grand Canyon Dr #24495-A,Las Vegas,NV,89149.0,http://www.desertex.net/,"septic-campaign,human-led-ai,dfw"
Lake,Tahoe Septic Plumbing Pump Services,Lake Tahoe Septic Plumbing Pump Services,+17758992860,,1876 Pinenut Rd ste s,Gardnerville,NV,89410.0,https://www.laketahoeseptic.com/,"septic-campaign,human-led-ai,dfw"
Complete,Septic And Sanitation Service,Complete Septic & Sanitation Service,+18177572132,,,,,,https://www.completesepticpumpingtx.com/,"septic-campaign,human-led-ai,dfw"
Hall,Septic Tank Cleaning,"Hall Septic Tank Cleaning, Inc.",+15409777684,,211 Willowbrook Ln,Roanoke,VA,24012.0,http://hallseptictankcleaning.com/,"septic-campaign,human-led-ai,dfw"
Sachse,Plumbing,Sachse Plumbing,+19724956666,,,,,,http://www.sachseplumbing.com/,"septic-campaign,human-led-ai,dfw"
American,Pumping Services,American Pumping Services,+17022798706,,5841 E Charleston Blvd,Las Vegas,NV,89142.0,http://www.americanpumping.com/,"septic-campaign,human-led-ai,dfw"
Zach,Erwin Construction Inc Gotta Go,"Zach Erwin Construction, Inc Gotta Go",+14176675122,,601 4th St,Nevada,MO,64772.0,https://zacherwinconstruction.com/,"septic-campaign,human-led-ai,dfw"
Valentino,Roman And Son,"Valentino Roman & Son, LLC",+16097370816,,,,,,http://www.romanseptic.net/,"septic-campaign,human-led-ai,dfw"
Terrys,Pumpin And Potties,Terry's Pumpin & Potties Inc,+17757386442,,,,,,https://www.facebook.com/portapots/,"septic-campaign,human-led-ai,dfw"
Lakeland,Septic,Lakeland Septic Co Inc,+19738380438,,29 Ricker Dr,Ringwood,NJ,7456.0,http://www.lakelandsepticcoinc.com/,"septic-campaign,human-led-ai,dfw"
Collin,County Septic Design And Evaluation,Collin County Septic Design & Evaluation,+19032038250,,3417 Cornelia St,Greenville,TX,75401.0,http://www.collincountyseptic.com/,"septic-campaign,human-led-ai,dfw"
Jjm,Septic,JJM Septic,+12147339957,,,,,,https://www.jjmsepticllc.com/,"septic-campaign,human-led-ai,dfw"
The,Pumper,The Pumper LLC,+19088326556,,,,,,http://www.callthepumper.com/,"septic-campaign,human-led-ai,dfw"
Lucas,Septic Tank Services,Lucas Septic Tank Services,+16189936038,,14693 Linck Rd,Marion,IL,62959.0,https://www.lucasseptic.com/,"septic-campaign,human-led-ai,dfw"
J,And D Petway Septic Tank Cleaning,J And D Petway Septic Tank Cleaning,+19725627452,,,,,,,"septic-campaign,human-led-ai,dfw"
Albert,Brown Septic Tank Service,Albert Brown Septic Tank Service,+16092981284,,45 Waln Rd,Chesterfield,NJ,8515.0,,"septic-campaign,human-led-ai,dfw"
Alliance,Septic And Excavating,Alliance Septic and Excavating,+19374597244,,,,,,,"septic-campaign,human-led-ai,dfw"
C3,Services,C3 Services,+12147081899,,,,,,,"septic-campaign,human-led-ai,dfw"
Joes,Septic Cleaning,Joe's Septic Cleaning,+19032681337,,,,,,,"septic-campaign,human-led-ai,dfw"
Frontline,Septic Solutions,Frontline Septic Solutions LLC,+19722909354,,,,,,,"septic-campaign,human-led-ai,dfw"
Chief,Septic And Sewer,Chief Septic & Sewer,+17024729626,,"Las Vegas, NV 89128",Las Vegas,NV,89128.0,,"septic-campaign,human-led-ai,dfw"
Moapa,Valley Septic,Moapa Valley Septic,+17028483987,,1515 Whipple Ave,Moapa Valley,NV,89021.0,,"septic-campaign,human-led-ai,dfw"
Affordable,Septic,Affordable Septic,+19374759330,,,,,,,"septic-campaign,human-led-ai,dfw"
Echeverrias,,Echeverria's,+17756251525,,5160 NV-294,Winnemucca,NV,89445.0,,"septic-campaign,human-led-ai,dfw"
Mcgee,Septic Service Septic Tank Cleaning,McGee Septic Service- Septic Tank Cleaning,+19034560989,,,,,,,"septic-campaign,human-led-ai,dfw"
M,And K Enterprises,M & K Enterprises,+17754826841,,726 N Main St,Tonopah,NV,89049.0,,"septic-campaign,human-led-ai,dfw"
D,E Thomason Septic,D E Thomason Septic Co,+15597848107,,321 E Noble Ave,Farmersville,CA,93223.0,,"septic-campaign,human-led-ai,dfw"
